{
  "name": "ppi",
  "domain": "biological",
  "split": "pretrain",
  "num_nodes": 56944,
  "num_edges_undirected": 793632,
  "density": 0.000489509192426925,
  "degree_mean": 27.874121944366394,
  "degree_median": 15.0,
  "degree_std": 39.218624588933196,
  "degree_max": 720,
  "degree_min": 0,
  "isolated_nodes": 256,
  "num_connected_components": 295,
  "largest_cc_fraction": 0.06111267209890418,
  "avg_clustering_sampled": 0.17839304376192036,
  "clustering_sample_size": 2000,
  "has_features": true,
  "features": {
    "dim": 50,
    "nnz_fraction": 0.98,
    "mean": -0.0005653577973134816,
    "std": 0.9880309104919434,
    "min": -0.434953898191452,
    "max": 23.38020896911621
  },
  "labels": {
    "type": "multilabel",
    "num_labels": 121,
    "mean_positive_rate": 0.3051815330982208,
    "max_positive_rate": 0.8882059454917908,
    "min_positive_rate": 0.09217827767133713,
    "labels_per_node_mean": 36.926963806152344,
    "per_class_positive_rate": [
      0.6525357961654663,
      0.24111407995224,
      0.20723868906497955,
      0.24411702156066895,
      0.12944296002388,
      0.1938571184873581,
      0.24759413301944733,
      0.35480472445487976,
      0.15460804104804993,
      0.3466914892196655,
      0.21754705905914307,
      0.2377423495054245,
      0.7079938054084778,
      0.18818488717079163,
      0.18521705269813538,
      0.3695911765098572,
      0.1037159338593483,
      0.1404889076948166,
      0.2690538167953491,
      0.4256637990474701,
      0.19132831692695618,
      0.6281434297561646,
      0.23066522181034088,
      0.32488057017326355,
      0.16279152035713196,
      0.6328147053718567,
      0.6682530045509338,
      0.3346445560455322,
      0.6971234679222107,
      0.17747260630130768,
      0.6815468072891235,
      0.14412404596805573,
      0.8882059454917908,
      0.1628793179988861,
      0.21633534133434296,
      0.3272864520549774,
      0.1970532387495041,
      0.2099255472421646,
      0.41200125217437744,
      0.21501825749874115,
      0.1446157693862915,
      0.20727381110191345,
      0.20567575097084045,
      0.20251475274562836,
      0.13393861055374146,
      0.2804158329963684,
      0.387784481048584,
      0.39542356133461,
      0.24160578846931458,
      0.23199985921382904,
      0.3552437424659729,
      0.29471060633659363,
      0.434303879737854,
      0.4164617955684662,
      0.2517385482788086,
      0.26078251004219055,
      0.16423152387142181,
      0.16691838204860687,
      0.16925400495529175,
      0.23033155500888824,
      0.4539898931980133,
      0.15625877678394318,
      0.1918727159500122,
      0.21501825749874115,
      0.20300646126270294,
      0.12427999079227448,
      0.4964877665042877,
      0.32970988750457764,
      0.47504565119743347,
      0.28327831625938416,
      0.24160578846931458,
      0.16279152035713196,
      0.16393299400806427,
      0.2920588552951813,
      0.19134588539600372,
      0.19185516238212585,
      0.32414302229881287,
      0.13344690203666687,
      0.26810550689697266,
      0.23222815990447998,
      0.21970708668231964,
      0.5050049424171448,
      0.2787124216556549,
      0.19366395473480225,
      0.16175541281700134,
      0.5783050060272217,
      0.09217827767133713,
      0.28473588824272156,
      0.2784314453601837,
      0.19977521896362305,
      0.17431160807609558,
      0.2598869204521179,
      0.32161420583724976,
      0.17803455889225006,
      0.19887959957122803,
      0.30459749698638916,
      0.17473307251930237,
      0.40817293524742126,
      0.43779852986335754,
      0.2656645178794861,
      0.5066908001899719,
      0.2570771276950836,
      0.1660754382610321,
      0.30054089426994324,
      0.18744730949401855,
      0.29602769017219543,
      0.29418376088142395,
      0.19157417118549347,
      0.4694787859916687,
      0.36400675773620605,
      0.3175049126148224,
      0.18488340079784393,
      0.27692118287086487,
      0.28953006863594055,
      0.20088157057762146,
      0.4197632670402527,
      0.8849396109580994,
      0.7616078853607178,
      0.8139751553535461,
      0.5560023784637451,
      0.24650533497333527
    ]
  }
}