{
  "name": "ogbn_proteins",
  "domain": "biological",
  "split": "held_out",
  "num_nodes": 132534,
  "num_edges_undirected": 39561252,
  "density": 0.004504521754591681,
  "degree_mean": 596.9977817012993,
  "degree_median": 402.0,
  "degree_std": 621.4750426693987,
  "degree_max": 7750,
  "degree_min": 1,
  "isolated_nodes": 0,
  "num_connected_components": 1,
  "largest_cc_fraction": 1.0,
  "avg_clustering_sampled": 0.27650140097911013,
  "clustering_sample_size": 2000,
  "has_features": false,
  "features": null,
  "labels": {
    "type": "multilabel",
    "num_labels": 112,
    "mean_positive_rate": 0.11382342129945755,
    "max_positive_rate": 0.5271024703979492,
    "min_positive_rate": 0.02047021873295307,
    "labels_per_node_mean": 12.748223304748535,
    "per_class_positive_rate": [
      0.5271024703979492,
      0.446564644575119,
      0.36433669924736023,
      0.3056724965572357,
      0.29249852895736694,
      0.2717944085597992,
      0.26899513602256775,
      0.2533915936946869,
      0.23695805668830872,
      0.19403323531150818,
      0.19369369745254517,
      0.19255436956882477,
      0.16991111636161804,
      0.16376174986362457,
      0.1588498055934906,
      0.15744638442993164,
      0.1535077840089798,
      0.1483091115951538,
      0.14837701618671417,
      0.14692078530788422,
      0.1451929360628128,
      0.14649826288223267,
      0.14581918716430664,
      0.14286145567893982,
      0.1410355120897293,
      0.14057524502277374,
      0.1401527225971222,
      0.13973772525787354,
      0.139903724193573,
      0.13890020549297333,
      0.13281874358654022,
      0.12950639426708221,
      0.12084446102380753,
      0.11671721935272217,
      0.11490636318922043,
      0.11503463238477707,
      0.11498181521892548,
      0.11271824687719345,
      0.11290687322616577,
      0.11085457354784012,
      0.10958697646856308,
      0.10924743860960007,
      0.10724040865898132,
      0.10831183195114136,
      0.10487120598554611,
      0.10407895594835281,
      0.10376205295324326,
      0.10376205295324326,
      0.10343006253242493,
      0.10272081196308136,
      0.10193610936403275,
      0.10149848461151123,
      0.09980835020542145,
      0.09562074393033981,
      0.09497185796499252,
      0.09442105144262314,
      0.09316854178905487,
      0.09251965582370758,
      0.09237629920244217,
      0.09128223359584808,
      0.09058807790279388,
      0.08942610770463943,
      0.08773598074913025,
      0.08715499192476273,
      0.08662682771682739,
      0.08649855852127075,
      0.08372191339731216,
      0.08372191339731216,
      0.08258258551359177,
      0.0817752406001091,
      0.08179787546396255,
      0.07973048090934753,
      0.07929286360740662,
      0.07696893066167831,
      0.0749015361070633,
      0.07258515059947968,
      0.0723286122083664,
      0.07043475657701492,
      0.06945387274026871,
      0.06892570853233337,
      0.06799764931201935,
      0.06792973726987839,
      0.06714503467082977,
      0.06622451543807983,
      0.06586234271526337,
      0.06602834165096283,
      0.06577180325984955,
      0.0654020830988884,
      0.0644136592745781,
      0.0644136592745781,
      0.06384776532649994,
      0.06341014057397842,
      0.061569105833768845,
      0.060663677752017975,
      0.059856340289115906,
      0.05760785937309265,
      0.05727586895227432,
      0.0572381429374218,
      0.05703442171216011,
      0.056800518184900284,
      0.05509529635310173,
      0.051111411303281784,
      0.05024370923638344,
      0.04900629445910454,
      0.0455128513276577,
      0.04021609574556351,
      0.03950684517621994,
      0.03931066766381264,
      0.03180316090583801,
      0.02677803486585617,
      0.025163354352116585,
      0.02047021873295307
    ]
  }
}