{
  "name": "ogbn_arxiv",
  "domain": "citation",
  "split": "held_out",
  "num_nodes": 169343,
  "num_edges_undirected": 1157799,
  "density": 8.074789913670332e-05,
  "degree_mean": 13.674010735607613,
  "degree_median": 6.0,
  "degree_std": 68.63810868670959,
  "degree_max": 13161,
  "degree_min": 1,
  "isolated_nodes": 0,
  "num_connected_components": 1,
  "largest_cc_fraction": 1.0,
  "avg_clustering_sampled": 0.2193095606629566,
  "clustering_sample_size": 2000,
  "has_features": true,
  "features": {
    "dim": 128,
    "nnz_fraction": 0.99999806236455,
    "mean": 0.020484071224927902,
    "std": 0.23322460055351257,
    "min": -1.3888649940490723,
    "max": 1.6387439966201782
  },
  "labels": {
    "type": "single",
    "num_classes": 40,
    "observed_classes": 40,
    "majority_fraction": 0.1613352781042027,
    "minority_fraction": 0.00017125006643321542,
    "entropy_nats": 2.9913074142507297,
    "entropy_max": 3.6888794541139363,
    "class_counts": [
      565,
      687,
      4839,
      2080,
      5862,
      4958,
      1618,
      589,
      6232,
      2820,
      7869,
      750,
      29,
      2358,
      597,
      403,
      27321,
      515,
      749,
      2877,
      2076,
      393,
      1903,
      2834,
      22187,
      1257,
      4605,
      4801,
      21406,
      416,
      11814,
      2828,
      411,
      1271,
      7867,
      127,
      3524,
      2369,
      1507,
      2029
    ]
  }
}