{
  "name": "ogbn_mag",
  "domain": "collaboration",
  "split": "held_out",
  "num_nodes": 736389,
  "num_edges_undirected": 5396336,
  "density": 1.9902836869570295e-05,
  "degree_mean": 14.65621023670913,
  "degree_median": 8.0,
  "degree_std": 24.852870820799357,
  "degree_max": 4770,
  "degree_min": 1,
  "isolated_nodes": 0,
  "num_connected_components": 3798,
  "largest_cc_fraction": 0.9867936647614236,
  "avg_clustering_sampled": 0.19536778843892033,
  "clustering_sample_size": 2000,
  "has_features": true,
  "features": {
    "dim": 128,
    "nnz_fraction": 0.9999977826766832,
    "mean": 0.010280889458954334,
    "std": 0.23181387782096863,
    "min": -1.4392460584640503,
    "max": 1.69657301902771
  },
  "labels": {
    "type": "single",
    "num_classes": 349,
    "observed_classes": 349,
    "majority_fraction": 0.04196423357763356,
    "minority_fraction": 0.0002715955833126242,
    "entropy_nats": 5.0112787504334815,
    "entropy_max": 5.855071922202427,
    "class_counts": [
      2174,
      30902,
      201,
      449,
      236,
      7101,
      1080,
      4414,
      250,
      14910,
      278,
      752,
      1398,
      2245,
      521,
      234,
      893,
      889,
      3822,
      818,
      1303,
      915,
      2517,
      1148,
      275,
      1626,
      251,
      393,
      2198,
      1235,
      233,
      3129,
      907,
      4965,
      2546,
      9756,
      251,
      2118,
      4582,
      204,
      304,
      1471,
      800,
      1263,
      1176,
      7692,
      503,
      309,
      5606,
      636,
      826,
      4143,
      6489,
      440,
      871,
      337,
      760,
      760,
      1796,
      582,
      246,
      1019,
      437,
      479,
      769,
      359,
      799,
      272,
      1934,
      486,
      1497,
      441,
      5156,
      238,
      279,
      2686,
      509,
      4953,
      1496,
      634,
      1194,
      1110,
      1365,
      3289,
      9983,
      2205,
      2427,
      336,
      243,
      1909,
      695,
      856,
      1488,
      760,
      441,
      1498,
      3092,
      1150,
      284,
      2127,
      1632,
      661,
      389,
      842,
      403,
      1165,
      4697,
      1500,
      927,
      1539,
      2622,
      299,
      9167,
      1781,
      2043,
      5475,
      3361,
      453,
      649,
      512,
      383,
      398,
      1916,
      2640,
      235,
      230,
      3273,
      861,
      2015,
      685,
      1767,
      1093,
      4635,
      268,
      30671,
      578,
      1579,
      372,
      2682,
      2987,
      2435,
      3392,
      418,
      202,
      5752,
      2790,
      2810,
      511,
      897,
      1090,
      253,
      208,
      563,
      269,
      3782,
      656,
      872,
      707,
      242,
      883,
      2752,
      1691,
      574,
      957,
      693,
      4844,
      2883,
      2138,
      671,
      1462,
      5424,
      1629,
      2755,
      318,
      223,
      255,
      218,
      585,
      734,
      422,
      2374,
      2697,
      1684,
      2051,
      1384,
      1658,
      7710,
      501,
      2047,
      15564,
      670,
      1526,
      2628,
      12534,
      348,
      216,
      1176,
      775,
      814,
      1081,
      1437,
      1446,
      593,
      307,
      1723,
      984,
      201,
      1785,
      361,
      523,
      403,
      834,
      229,
      365,
      6574,
      200,
      215,
      454,
      1357,
      6452,
      422,
      6004,
      438,
      1732,
      902,
      277,
      1942,
      340,
      1485,
      1441,
      330,
      217,
      4707,
      4411,
      767,
      1685,
      8616,
      621,
      3492,
      385,
      1597,
      697,
      454,
      1177,
      486,
      1975,
      350,
      3716,
      1994,
      3730,
      985,
      936,
      1780,
      2073,
      471,
      657,
      2691,
      687,
      24804,
      906,
      344,
      1254,
      9065,
      200,
      298,
      2734,
      11253,
      1645,
      642,
      223,
      313,
      370,
      409,
      572,
      279,
      302,
      2056,
      7483,
      1386,
      577,
      677,
      18637,
      213,
      24463,
      486,
      391,
      310,
      314,
      277,
      5839,
      805,
      4092,
      493,
      1779,
      1517,
      972,
      2223,
      740,
      228,
      1121,
      27542,
      262,
      3285,
      340,
      6346,
      1073,
      646,
      657,
      939,
      819,
      410,
      16836,
      3133,
      543,
      1513,
      954,
      246,
      659,
      1055,
      333,
      286,
      216,
      1913,
      568,
      1973,
      267,
      273,
      204,
      231,
      234,
      261,
      224,
      265,
      657,
      282,
      234,
      335,
      271,
      408,
      296,
      343,
      220,
      433,
      280,
      237,
      269,
      262,
      431,
      313
    ]
  }
}