{
  "name": "lastfm_asia",
  "domain": "social",
  "split": "held_out",
  "num_nodes": 7624,
  "num_edges_undirected": 27806,
  "density": 0.0009568849118596328,
  "degree_mean": 7.2943336831059815,
  "degree_median": 4.0,
  "degree_std": 11.499118968116877,
  "degree_max": 216,
  "degree_min": 1,
  "isolated_nodes": 0,
  "num_connected_components": 1,
  "largest_cc_fraction": 1.0,
  "avg_clustering_sampled": 0.22016021218877238,
  "clustering_sample_size": 2000,
  "has_features": false,
  "features": null,
  "labels": {
    "type": "single",
    "num_classes": 18,
    "observed_classes": 18,
    "majority_fraction": 0.2061909758656873,
    "minority_fraction": 0.002098635886673662,
    "entropy_nats": 2.3718453243497386,
    "entropy_max": 2.8903717578961645,
    "class_counts": [
      1098,
      54,
      73,
      515,
      16,
      391,
      655,
      82,
      468,
      58,
      1303,
      138,
      57,
      63,
      570,
      257,
      254,
      1572
    ]
  }
}